{"train/loss_vlb_epoch":0.003687895368784666,"_wandb":{"runtime":4199},"_step":178,"train/loss_simple_step":0.01905570738017559,"train/loss_step":0.01905570738017559,"train/epoch_step":7728,"train/loss_simple_epoch":0.14564737677574158,"train/loss_vlb_step":7.292482769116759e-05,"train/epoch":49,"epoch":49,"global_step":32200,"train/epoch_loss":0,"train/loss_epoch":0.14564737677574158,"_runtime":4199,"trainer/global_step":32199,"_timestamp":1.7563936106676934e+09}